50030538,42
50036415,209
50025780,328
50035675,944
50030459,1013
50000039,1040
50029339,1044
50030175,1122
50030474,1144
50029881,1200
50030779,1374
50030799,1374
50030800,1374
50031565,1374
50035357,1374
50032765,1482
50029871,1553
50023622,2155
50023689,3345
50030554,3466
50031641,3592
50036267,3813
50029535,3816
50032258,3882
50029061,3998
50030456,4542
50031634,4542
50029934,4870
50029235,5091
50031492,5278
50029936,5467
50030035,5636
50030766,5636
50031726,5795
50030452,6205
50030453,6205
50035644,6205
50033240,6215
50030770,6415
50035149,6536
50034847,7673
50031329,8830
50031551,9278
50030804,9576
50029900,10126
50029885,10130
50030279,10292
50030605,10514
50030645,10626
50030385,10650
50036268,10940
50031149,10991
50031440,11037
50030747,12056
50032082,12153
50031338,12172
50031111,12213
50029114,12629
50032212,12951
50029682,13038
50030151,13056
50029625,13747
50030541,13765
50030615,14268
50029456,14512
50000911,14522
50029402,14979
50031446,15202
50030155,15247
50028996,15421
50030923,16190
50036310,16273
50029541,16419
50030478,16547
50030404,16637
50029400,17742
50032710,18939
50031208,19120
50007886,20775
50029260,20867
50030693,20867
50029530,20988
50032531,21242
50033309,21674
50029680,21823
50033553,21860
50035683,21865
50032257,21931
50029406,22113
50029496,22115
50031580,22366
50030519,22847
50030267,22917
50035056,22976
50029025,23663
50036338,23886
50029474,24045
50030569,24407
50034555,24463
50030562,24624
50034190,25102
50035540,25137
50030801,25280
50031100,25784
50036470,25975
50036399,25981
50032706,26045
50032123,26064
50007588,26196
50033009,26961
50029322,26995
50032771,27247
50029113,27430
50015978,27565
50029264,27684
50033139,28766
50000064,28948
50032103,29027
50029618,29770
50030638,29770
50035066,29799
50031369,30231
50036047,30285
50030030,30336
50031277,30577
50029633,30874
50029360,31513
50030634,31804
50029066,32452
50029023,33037
50033888,33156
50029240,33543
50001305,33641
50029437,34153
50029202,34370
50029144,34579
50031029,34844
50033758,35437
50032299,36158
50029942,36650
50032777,37731
50029407,38362
50030114,38362
50030442,38398
50032187,38600
50029949,38984
50030112,39514
50032237,39565
50029685,39673
50030670,39673
50033156,40425
50029045,40579
50029638,40900
50031625,40900
50035111,40918
50029318,40972
50029546,41045
50032142,41308
50035614,41394
50029270,41403
50036393,41510
50032964,41588
50030017,41661
50009581,42830
50036146,43172
50031213,43524
50002872,43584
50029877,43956
50030560,44574
50029148,44679
50031216,44962
50033118,44962
50030424,45219
50030460,46226
50031896,47192
50029234,47344
50032068,47822
50033305,48048
50030741,48373
50035064,48500
50030158,48696
50029875,49200
50030050,49570
50031353,49708
50029128,49779
50034402,50044
50032877,50173
50031325,50186
50029379,50381
50031439,50381
50029269,50656
50032108,50656
50029332,50916
50030757,51093
50029050,52820
50029767,52882
50031392,53092
50029527,53189
50030177,53286
50033943,53323
50032885,53838
50033137,54453
50030972,54683
50033241,54826
50036343,54963
50036188,55024
50029141,55130
50029595,55675
50017471,56876
50025677,56876
50032116,56876
50032705,56876
50030356,57207
50030745,57207
50029313,57306
50029369,57315
50033360,57337
50032660,57555
50030530,57657
50029788,58430
50029757,58674
50028955,59263
50030521,59293
50030542,59293
50029822,59572
50029362,59671
50029044,59923
50036148,60797
50029459,61384
50029356,61861
50029763,62006
50030384,62526
50030632,62544
50036562,62831
50029153,64398
50029154,64418
50032084,64833
50034895,65091
50029515,65634
50033733,65759
50029574,65766
50029182,65960
50035574,65960
50031322,66341
50029510,66373
50029956,67033
50032079,67342
50032691,67521
50032566,67607
50031108,67738
50033570,67767
50029229,68553
50029626,69102
50036253,70031
50032715,70212
50030591,70298
50035106,71609
50029899,72417
50030754,72482
50036357,72503
50031274,72676
50029059,72787
50029156,73244
50033140,73381
50029287,73521
50029080,73699
50031456,73883
50030536,73900
50029253,74063
50032422,74233
50029874,74337
50031254,74337
50029645,74513
50030535,74544
50029619,76185
50031972,76206
50032666,76868
50029304,77076
50029972,77164
50033694,77232
50029351,77838
50030032,78248
50031370,78248
50029158,79133
50031260,79234
50036402,79361
50029631,80218
50029940,80342
50029277,80434
50005795,80479
50030933,81160
50030337,81859
50032393,82113
50029882,82373
50032342,82389
50032707,82389
50032982,82389
50031699,83018
50032310,83062
50032362,83062
50029309,83664
50031628,83664
50036173,83691
50035626,84437
50036189,85390
50033447,85805
50030841,86101
50030045,86659
50034856,86659
50020153,86734
50030363,87092
50035697,87660
50030150,87847
50035529,88453
50029759,88778
50029681,88787
50030243,89474
50035296,90712
50029321,90843
50029693,90853
50029926,91274
50029373,91521
50029896,91593
50032757,91593
50029621,91657
50030625,91969
50032519,92366
50036325,92551
50029132,92849
50033232,93743
50030208,94385
50029542,94476
50036133,94476
50033940,94844
50030196,95618
50029520,95723
50030025,95806
50035455,95806
50032309,96004
50031381,96091
50007174,96094
50036390,96337
50030644,96510
50029957,97468
50029029,98754
50033598,98783
50004527,98994
50030587,99236
50031312,100020
50032932,100648
50029147,100980
50002324,101056
50031065,101311
50030097,102576
50031520,102576
50029368,102677
50029272,102698
50035336,102698
50033499,102948
50033518,103028
50036214,104098
50030955,104141
50029508,104569
50035404,104666
50030458,104763
50031729,104878
50031731,104919
50030390,105095
50030415,105677
50031543,106227
50030051,106236
50029237,106306
50029074,106671
50029244,107617
50030157,107617
50016805,107813
50029308,109151
50029307,109211
50029330,109349
50032409,109379
50030285,109485
50030612,109485
50031125,109485
50029702,109949
50034636,110011
50029381,110071
50029889,110207
50028902,110894
50033680,110895
50033736,110895
50030711,111233
50030681,111238
50030351,111732
50030934,112879
50029781,113485
50029667,113489
50031118,114333
50034136,114416
50031331,114604
50032656,114686
50034316,115319
50029358,115550
50029427,115946
50033530,116090
50029870,116442
50029683,116720
50030635,116720
50029897,117303
50031544,117528
50031532,117985
50036401,118373
50035911,118685
50032764,118781
50031445,119120
50036144,119208
50029830,119456
50029855,119462
50029227,119611
50029393,119782
50004898,119881
50029628,119889
50030708,119935
50029030,120877
50036051,121261
50029723,121520
50029904,121995
50030254,122726
50031299,122726
50034925,123572
50030451,123620
50029692,123791
50032677,123978
50031862,123984
50029676,125385
50029252,126485
50029825,126599
50036322,127057
50030108,127103
50030696,127574
50029142,127603
50029291,127638
50031631,127638
50032249,127753
50031287,127770
50035180,128079
50029488,128118
50029069,128165
50032605,128214
50030185,128268
50029421,128386
50031292,128386
50031347,128551
50030899,128760
50031323,128760
50030472,129203
50033705,129462
50030018,130679
50029215,130919
50030559,131187
50036158,131638
50029921,131654
50029922,131654
50031351,131718
50030314,131996
50009338,132085
50032307,132246
50035734,133164
50030919,133326
50036510,133509
50029928,133745
50029717,134812
50029323,135601
50030743,137040
50030962,137040
50009345,137732
50034897,137749
50032520,138216
50029722,138509
50029152,138574
50029245,138886
50035187,139394
50030259,139438
50029589,139451
50031453,139629
50030768,140002
50033304,140609
50032748,140621
50030547,140795
50004577,141343
50032420,141769
50029517,141816
50029341,142464
50003537,142959
50035635,143292
50035754,144095
50029890,145132
50029359,145234
50017756,145705
50029814,145961
50029077,145992
50030665,145992
50030368,146306
50030358,146354
50029551,147232
50030026,147232
50030389,147294
50032829,147330
50029278,147386
50032680,147520
50029507,147539
50020662,148665
50030454,148858
50030156,149274
50030176,149274
50031276,149278
50028956,149791
50030527,150066
50030964,150864
50030294,150871
50030732,151153
50036331,151204
50029522,151443
50031327,151577
50032161,151701
50032769,152286
50029218,152304
50029146,152452
50002928,154394
50029140,154394
50031530,155737
50036321,158029
50031271,158372
50031426,158402
50031993,158637
50032375,158637
50002470,162245
50030592,165247
50029732,167448
50029478,167451
50032894,168096
50033325,168129
50030596,168561
50033346,168858
50030172,170099
50031643,173752
50031505,174728
50029624,175404
50032865,177213
50030046,177377
50029365,177826
50029401,178724
50033159,179010
50001238,179577
50029436,179681
50030953,180045
50009515,180305
50001883,180625
50035859,180765
50030755,182197
50029994,182199
50032725,183443
50034620,185259
50029876,185401
50031647,185503
50000254,185978
50031751,187027
50008357,187366
50030915,187572
50032072,187636
50033357,187636
50005530,30005164
50032365,193048
50030772,193947
50029526,195598
50029096,195770
50031385,195989
50029778,196179
50034790,198189
50030167,199575
50032828,201096
50030666,201202
50035880,202818
50002119,203212
50036515,203613
50003083,30002857
50030640,206163
50030706,41010760
50030744,207627
50030836,209097
50035657,209233
50034732,210525
50035537,210579
50035037,210795
50032770,210978
50034105,211799
50030727,212624
50015911,214699
50033951,215385
50035806,215733
50035333,217954
50031690,221869
50002520,30002334
50031386,229545
50033626,230981
50030660,231067
50020915,235094
50032011,245179
50030879,253655
50029209,253720
50035360,253847
50002165,254288
50033257,254932
50029712,255456
50030763,257243
50029320,262109
50008868,262342
50025685,268431
50028966,268589
50023318,268592
50033675,268592
50030309,269757
50029961,272341
50028693,274605
50020196,274635
50016802,275158
50023717,276542
50002300,279855
50031507,284527
50031127,287887
50032517,291017
50031335,291163
50033421,291383
50031001,299451
50032140,299637
50031788,305623
50029843,309083
50032692,310001
50033791,312218
50032961,314982
50031983,316282
50033638,316731
50029548,319873
50033875,323623
50029764,324267
50032110,328301
50032023,332474
50035585,332695
50036134,333080
50032652,333099
50031528,333184
50032302,333356
50032774,343275
50033662,344579
50032941,344859
50032988,345122
50036422,345124
50032304,345473
50032010,345834
50032704,347443
50034630,347443
50034898,347446
50032782,349142
50036186,351763
50030284,352125
50032987,378248
50032986,380684
50030862,381470
50031357,383962
50033637,386006
50029160,386521
50036418,408500
50029584,411425
50031115,417595
50029487,418294
50036326,423888
50036546,424399
50029410,427811
50030031,429353
50030169,429353
50030014,430603
50035533,437836
50033980,453083
50003964,454314
50032996,455739
50032124,457292
50033312,477032
50002789,477425
50029062,477429
50019686,479437
50032018,483367
50032634,483367
50030219,484589
50033024,487999
50005065,490916
50034601,504984
50034725,504984
50031762,508650
50031383,538000
50034855,568913
50004727,1846880
50029616,2086177
50032655,3145724
50002583,3370989
50033589,20000019
50029070,20000133
50030861,20000201
50003136,20000206
50029037,20000219
50003783,20000261
50001733,20000337
50030437,20000350
50031491,20000384
50000146,20000387
50036349,20000443
50030443,20000507
50029063,20000594
50029199,20000595
50029482,20000598
50029484,20000598
50029036,20000610
50029186,20000631
50032989,20000643
50029192,20000649
50029184,20000651
50029194,20000669
50003073,20000677
50033227,20001092
50036245,20001457
50031126,20001937
50031403,41009363
50034023,30000010
50000015,30000014
50000023,30000038
50000049,30000062
50000051,30000064
50000083,30000094
50032159,30000118
50000129,30000135
50000135,30000141
50000151,30000156
50000152,30000157
50000158,30000162
50000175,30000179
50000193,30000192
50000196,30000194
50000252,30000248
50000258,30000254
50000266,30000262
50000285,30000279
50000301,30000292
50000303,30000293
50000324,30000313
50000365,30000351
50000367,30000353
50000368,30000354
50000435,30000411
50000450,30000425
50000491,30000466
50000519,30000493
50000576,30000547
50000605,30000573
50000676,30000643
50000699,30000664
50000721,30000683
50000756,30000716
50000792,30000752
50000813,30000771
50000831,30000788
50000848,30000803
50000866,30000819
50000872,30000825
50034324,30000836
50000915,30000864
50000920,30000869
50000940,30000886
50000958,30000903
50000960,30000905
50001003,30000943
50001027,30000965
50001040,30000977
50001068,30000999
50001120,30001048
50001147,30001073
50001151,30001077
50001158,30001083
50001201,30001124
50001204,30001127
50001226,30001147
50001265,30001182
50029220,30001183
50001269,30001185
50001291,30001206
50001323,30001236
50001357,30001270
50001379,30001291
50001404,30001315
50028919,30001315
50001430,30001340
50001441,30001350
50001454,30001361
50001461,30001367
50001474,30001379
50001490,30001394
50001492,30001396
50001569,30001464
50001579,30001472
50001596,30001486
50034575,30001494
50001618,30001508
50035075,30001538
50031258,30001569
50001747,30001625
50001815,30001685
50001862,30001726
50001927,30001785
50001955,30001807
50002037,30001885
50002060,30001907
50002063,30001910
50002104,30001949
50002160,30002004
50035483,30002007
50002179,30002022
50002204,30002046
50002233,30002075
50002237,30002079
50002244,30002086
50031673,30002104
50031895,30002147
50002315,30002151
50031653,30002247
50002452,30002277
50002461,30002284
50002498,30002315
50002517,30002332
50002524,30002337
50002662,30002467
50002679,30002484
50030152,30002498
50002708,30002511
50002719,30002522
50002800,30002597
50002831,30002626
50002868,30002659
50002891,30002681
50002918,30002704
50002923,30002708
50002952,30002733
50002965,30002743
50034617,30002747
50002978,30002755
50003000,30002775
50003006,30002781
50031985,30002825
50003072,30002846
50003121,30002891
50003148,30002912
50003152,30002916
50003157,30002921
50031106,30002928
50003175,30002935
50003273,30003020
50003277,30003023
50003284,30003030
50003291,30003036
50003300,30003044
50003304,30003048
50003310,30003053
50003331,30003072
50003342,30003083
50003404,30003139
50003448,30003182
50003470,30003202
50003476,30003208
50003489,30003221
50003494,30003226
50003519,30003250
50003532,30003262
50034287,30003272
50003571,30003299
50003594,30003319
50003603,30003328
50003625,30003348
50003682,30003399
50003694,30003410
50003709,30003424
50003710,30003425
50030101,30003437
50003765,30003473
50003545,30003636
50034331,30003708
50029072,30003728
50004170,30003864
50004250,30003944
50031661,30004024
50004470,30004160
50004610,30004289
50004725,30004398
50031671,30004508
50005003,30004667
50005010,30004674
50005015,30004679
50005027,30004691
50005064,30004728
50034085,30004728
50005083,30004747
50032315,30004769
50005207,30004860
50005350,30004997
50005398,30005043
50029091,30005044
50005491,30005130
50005515,30005150
50005690,30005310
50005716,30005334
50005823,30005434
50005897,30005500
50006060,30005653
50006152,30005742
50031020,30005795
50006416,30005984
50006429,30005994
50006552,30006112
50006559,30006119
50031640,30006150
50006654,30006210
50006703,30006257
50031743,30006459
50006946,30006487
50006967,30006505
50007008,30006543
50007036,30006570
50007103,30006635
50032971,30006696
50007190,30006710
50007245,30006755
50007292,30006797
50007357,30006858
50007381,30006880
50032993,30006932
50007728,30007192
50029905,30007242
50007809,30007268
50007869,30007322
50007885,30007337
50007898,30007349
50034430,30007496
50031853,30007800
50008438,30007858
50008439,30007859
50034249,30007865
50008533,30007937
50008663,30008061
50008685,30008079
50008745,30008134
50032318,30008252
50008927,30008289
50008941,30008301
50009091,30008441
50032399,30008446
50009126,30008472
50009138,30008484
50029719,30008661
50034806,30008781
50009501,30008806
50001310,30008849
50009548,30008850
50009558,30008859
50009971,30009234
50010287,30009548
50029563,30009566
50010370,30009631
50010505,30009765
50010631,30009891
50010671,30009930
50010700,30009958
50010770,30010028
50010918,30010172
50035506,30010319
50035501,30010545
50011300,30010551
50011617,30010863
50030191,30010963
50011884,30011126
50012134,30011375
50036136,30011664
50036276,30011681
50012527,30011765
50012591,30011829
50013072,30012306
50013294,30012524
50013452,30012679
50013521,30012747
50033500,30012818
50013677,30012898
50036396,30013022
50030187,30013360
50031554,30013623
50014743,30013948
50036161,30014266
50036358,30014671
50032640,30014723
50015597,30014798
50015654,30014855
50015840,30015038
50030500,30015060
50015914,30015108
50015931,30015124
50016038,30015224
50016074,30015256
50016121,30015300
50016122,30015301
50016147,30015320
50016160,30015333
50031801,30015340
50016242,30015396
50016316,30015460
50016513,30015635
50016750,30015855
50016793,30015893
50030782,30015906
50034232,30015908
50016886,30015978
50035492,30016035
50036237,30016578
50017601,30016659
50017674,30016720
50017684,30016730
50017729,30016773
50031639,30016776
50018663,30017676
50030917,30017064
50018046,30017082
50003564,30017565
50018555,30017575
50018771,30017781
50018787,30017793
50031319,30017807
50018983,30017974
50018996,30017987
50033472,30018072
50019364,30018336
50032162,30018531
50020023,30018959
50033813,30018967
50020132,30019047
50033105,30019099
50020207,30019116
50020233,30019138
50034155,30019142
50020238,30019143
50020357,30019257
50020540,30019439
50020666,30019561
50030712,30019594
50020866,30019744
50033657,30019892
50033785,30019979
50021263,30020125
50031952,30020238
50021509,30020360
50021657,30020500
50021664,30020505
50021672,30020512
50033852,30020648
50021980,30020798
50028992,30020917
50023789,30020923
50022111,30020925
50022124,30020936
50022135,30020944
50022168,30020974
50022170,30020976
50033716,30021357
50022621,30021414
50022700,30021493
50029125,30021677
50031667,30021710
50023170,30021947
50023176,30021953
50023198,30021974
50023204,30021980
50036007,30022082
50023379,30022150
50034689,30022230
50023568,30022336
50023603,30022370
50023605,30022372
50023607,30022374
50023620,30022385
50034360,30022404
50023648,30022412
50023650,30022414
50023658,30022420
50032931,30022424
50023684,30022445
50023708,30022466
50023731,30022487
50023762,30022512
50024148,30022879
50030438,30022880
50024166,30022894
50030495,30022897
50024185,30022910
50029327,30022936
50030646,30022938
50030647,30022942
50031744,30023013
50036542,30023108
50033734,30023117
50016714,30023136
50024521,30023231
50024550,30023260
50024611,30023308
50024641,30023335
50024717,30023398
50024768,30023443
50024800,30023472
50016116,30024080
50025504,30024163
50033725,30024270
50025682,30024335
50025712,30024364
50025714,30024366
50025734,30024383
50025738,30024387
50025739,30024388
50025768,30024414
50025785,30024430
50030719,30024598
50033904,30025030
50031407,30025115
50030553,30025234
50026895,30025469
50026900,30025474
50026912,30025484
50032947,30025683
50034314,30025683
50034728,30025683
50027136,30025686
50028982,30025702
50027217,30025767
50030822,30025931
50029585,30025933
50029165,30025935
50036556,30025938
50029159,30025939
50029263,30025943
50029820,30025946
50030815,30025949
50029188,30025953
50034097,30025974
50030966,30025987
50036222,30026001
50029173,30026003
50029214,30026003
50029196,30026030
50035110,30026036
50031434,30026046
50029201,30026053
50029241,30026066
50029021,30026067
50035351,30026070
50029191,30026073
50029815,30026078
50030468,30026086
50029090,30026111
50036108,30026112
50029216,30026113
50029170,30026114
50031481,30026120
50035992,30026122
50029197,30026126
50029203,30026131
50029296,30026160
50035132,30026160
50029283,30026161
50036224,30026172
50029089,30026178
50031068,30026193
50029554,30026198
50031077,30026269
50031032,30026275
50033619,30026287
50030022,30026289
50029925,30026293
50029392,30026305
50030199,30026364
50031393,30026378
50036282,30026421
50031372,30026427
50029735,30026428
50031408,30026455
50029443,30026459
50029670,30026461
50036410,30026462
50033618,30026471
50029724,30026475
50031359,30026484
50030947,30026494
50029604,30026528
50031074,30026529
50030252,30026530
50030141,30026531
50030246,30026532
50030854,30026534
50029433,30026535
50031057,30026536
50031514,30026536
50031522,30026536
50029610,30026537
50034437,30026538
50033828,30026543
50030076,30026547
50030197,30026550
50029716,30026552
50029646,30026554
50031064,30026567
50029198,30026580
50030993,30026580
50031472,30026590
50031364,30026594
50036174,30026598
50029172,30026600
50031191,30026632
50036270,30026636
50036012,30026657
50030491,30026661
50031450,30026665
50029745,30026666
50031424,30026669
50029027,30026678
50029026,30026719
50029204,30026725
50036266,30026729
50031473,30026742
50036490,30026743
50029101,30026758
50029082,30026762
50030952,30026769
50029268,30026784
50031464,30026787
50031657,30026914
50031745,30026920
50031875,30026920
50031645,30026929
50031694,30026935
50031727,30026945
50033308,30026989
50036102,30027021
50036157,30027026
50030364,30027033
50029888,30027043
50030806,30027060
50031410,30027078
50030876,30027091
50028958,30027098
50030578,30027098
50030582,30027101
50033651,30027106
50029064,30027197
50029068,30027247
50029171,30027376
50029043,30027392
50029213,30027396
50029139,30027400
50029162,30027402
50034634,30027407
50029193,30027417
50029163,30027424
50029123,30027590
50029206,30027772
50029181,30027806
50030814,30028033
50029056,30028048
50034625,30028220
50029195,30028297
50031717,30028315
50031877,30028355
50031714,30028391
50029040,30028413
50036221,30028424
50029122,30028659
50029169,30028678
50036171,30028680
50036389,30028772
50036103,30028948
50033867,30029017
50029020,30029061
50029187,30029428
50029130,30029570
50029038,30029572
50029109,30029636
50036238,30029636
50034939,30029726
50035825,30029943
50029055,30030248
50034596,30030278
50031330,30030480
50031675,30030705
50030765,30030827
50031648,30030866
50029164,30030875
50029127,30030884
50029902,30030895
50029032,30030922
50029031,30030923
50031965,30030941
50034563,30031001
50029046,30031058
50029486,30031100
50031688,30031129
50036106,30031342
50029475,30031413
50036317,30031459
50029174,30031516
50030987,30031556
50029476,30031615
50031616,30031722
50029034,30031752
50031889,30032018
50031652,30032065
50032593,30032721
50033664,30032754
50034498,30032767
50029137,30033594
50033938,30033784
50029523,30033957
50030920,30034105
50036139,30034129
50029157,30034133
50029106,30034146
50031703,30034702
50029149,30034731
50035558,30034891
50031233,30035351
50034922,30035473
50036507,30035498
50029968,30035648
50036116,30035757
50029483,30035803
50029544,30035906
50033823,30035919
50036560,30036021
50030265,30036148
50036381,30036207
50035686,30036251
50029008,30036274
50032638,30036552
50030937,30036662
50036244,30036662
50036388,30036712
50036115,30036765
50033490,30037064
50036118,30037130
50029048,30037258
50034883,30037383
50030534,30037522
50033981,30037794
50036384,30037936
50036099,30037944
50031380,30038228
50033786,30038268
50034115,30038344
50030173,30038652
50030738,30038652
50035277,30038942
50036172,30039235
50029098,30039349
50029923,30039461
50036558,30039559
50036559,30039560
50035507,30039899
50032034,30039950
50034853,30040015
50031140,30040094
50032303,30040994
50036087,30041353
50035827,30041369
50029755,30041767
50030230,30041891
50033569,30041968
50033957,30041989
50033959,30041994
50034381,30041996
50033960,30041998
50034383,30042003
50035629,30042003
50034384,30042006
50033465,30042028
50031980,30042030
50033001,30042037
50029039,30042061
50033983,30042071
50033986,30042087
50031989,30042090
50033988,30042093
50033473,30042139
50033475,30042184
50034443,30042194
50032001,30042201
50034019,30042214
50034026,30042224
50034452,30042234
50034057,30042304
50034476,30042306
50034063,30042337
50034064,30042340
50034071,30042377
50034515,30042379
50032443,30042390
50034090,30042420
50034130,30042453
50034540,30042465
50031692,30042526
50032028,30042543
50034573,30042543
50032029,30042553
50031705,30042571
50031721,30042580
50031723,30042581
50034119,30042601
50034589,30042607
50029236,30042617
50032036,30042630
50032037,30042631
50029257,30042636
50029262,30042643
50034127,30042646
50033692,30042653
50032779,30042665
50032780,30042666
50032128,30042670
50030794,30042671
50030795,30042687
50030796,30042688
50029271,30042704
50030808,30042711
50035331,30042711
50029266,30042729
50032801,30042745
50032043,30042748
50030885,30042810
50030890,30042821
50032906,30042829
50032915,30042845
50030332,30042874
50030651,30042874
50030908,30042885
50029295,30042890
50030699,30042890
50030773,30042890
50029299,30042894
50030611,30042938
50032923,30042949
50030938,30042970
50032054,30042984
50029354,30043018
50029334,30043048
50030958,30043094
50029499,30043105
50030685,30043121
50034142,30043134
50034157,30043171
50034164,30043192
50031748,30043237
50033551,30043244
50032145,30043252
50032146,30043253
50032156,30043298
50032166,30043388
50033703,30043413
50032178,30043420
50032853,30043429
50034275,30043482
50032867,30043488
50032868,30043489
50032869,30043490
50032870,30043491
50032871,30043492
50030873,30043534
50032883,30043554
50032888,30043565
50032202,30043581
50034291,30043587
50033779,30043598
50030739,30043607
50030663,30043628
50030620,30043630
50033783,30043657
50032208,30043684
50032209,30043685
50033148,30043697
50029654,30043740
50029766,30043755
50034334,30043759
50033800,30043844
50033190,30043857
50033211,30043857
50029669,30043882
50036474,30043892
50029673,30043894
50033816,30043919
50029678,30043948
50034756,30043954
50031814,30043955
50029713,30043956
50031798,30043982
50034759,30043984
50029711,30043990
50031806,30043991
50033237,30044015
50031766,30044017
50033249,30044046
50034212,30044054
50030218,30044076
50034775,30044099
50034777,30044103
50031950,30044111
50031753,30044129
50031830,30044146
50031832,30044148
50032252,30044160
50031757,30044171
50033579,30044193
50033580,30044196
50035600,30044270
50036444,30044299
50035231,30044300
50033851,30044304
50033264,30044327
50029749,30044350
50032344,30044472
50036096,30044483
50032306,30044488
50033321,30044495
50033322,30044496
50032313,30044507
50032371,30044507
50032314,30044509
50032321,30044526
50031483,30044546
50033865,30044559
50030588,30044577
50031488,30044577
50030042,30044612
50031500,30044612
50031501,30044612
50031504,30044616
50030998,30044633
50031000,30044635
50029845,30044639
50032394,30044678
50029935,30044706
50032403,30044718
50029971,30044740
50034734,30044847
50035694,30044855
50030037,30044862
50031044,30044905
50030061,30044921
50030494,30044960
50033019,30044974
50031131,30045101
50032453,30045124
50033034,30045138
50031152,30045148
50031156,30045153
50029806,30045162
50033066,30045217
50032516,30045399
50031298,30045463
50030205,30045520
50032529,30045558
50033605,30045565
50030242,30045574
50030244,30045578
50032558,30045651
50030318,30045659
50029461,30045682
50029467,30045686
50030348,30045702
50030353,30045708
50030396,30045745
50030418,30045765
50030419,30045765
50032586,30045787
50031843,30045788
50033631,30045804
50033650,30045815
50033658,30045829
50036318,30045848
50032627,30045854
50030461,30045858
50031857,30045879
50031858,30045880
50030473,30045888
50032653,30045915
50030504,30045938
50030515,30045949
50033671,30045972
50030881,30045974
50033672,30045987
50032687,30046023
50032688,30046024
50032720,30046073
50032741,30046123
50034246,30046124
50031624,30046242
50035172,30048017
50035977,30048069
50035191,30048163
50035508,30048336
50031346,30048734
50031113,30049279
50031252,30049395
50035254,30049653
50028959,30049776
50015938,30050386
50036540,30051066
50031246,30051173
50036344,30051583
50032413,30053489
50035651,30053619
50036272,30054034
50035984,30054382
50036271,30054520
50036400,30054645
50036397,30055071
50035661,30055078
50036408,30055169
50029665,30056099
50029435,30056361
50035891,30056560
50035356,30056887
50035535,30057005
50034885,30057334
50035410,30057401
50030163,30057863
50029438,30058518
50035382,30059125
50034949,30073837
50035001,30063231
50032368,30063465
50032358,30063669
50036135,30063836
50036181,30064235
50036210,30064310
50036537,30064418
50035640,30064705
50029011,30065427
50034826,30065459
50036140,30065479
50036563,30065811
50036495,30066080
50036137,30066165
50036101,30066280
50031256,30067487
50035835,30069533
50035912,30069983
50031681,30070153
50035913,30070266
50035909,30070340
50033933,30071130
50036545,30071316
50034846,30071740
50034845,30071742
50036304,30071778
50028980,30072436
50035902,30072488
50035186,30072773
50026531,30072808
50030905,30073317
50035114,30073652
50036553,30074330
50036554,30074456
50004292,30074701
50036138,30074704
50032348,30074922
50008475,30074951
50030650,30075251
50027971,30075323
50027985,30075337
50028110,30075462
50028246,30075597
50028304,30075655
50032407,30075675
50035571,30075675
50028367,30075717
50029955,30075821
50034366,30076547
50034873,30077188
50036423,30078303
50029795,30078605
50030085,30078605
50031250,30078605
50029796,30079061
50030628,30079402
50035587,30079803
50033345,30072745
50033689,30080529
50035145,30080687
50029485,30080815
50034397,30080884
50028677,30081029
50028680,30081032
50028703,30081055
50028838,30081189
50028839,30081190
50029883,30081190
50028871,30081222
50028876,30081227
50028881,30081232
50028887,30081238
50028889,30081240
50034836,30081255
50028906,30081257
50028907,30081258
50033536,30082817
50030759,30083048
50031117,30083048
50029095,30083380
50036398,30083475
50036405,30083483
50035621,30083608
50028984,30084764
50031693,30085028
50036341,30086068
50035733,30086690
50033923,30087074
50035672,30087566
50028954,30087673
50028961,30087680
50028965,30087684
50028968,30087687
50028983,30087702
50028985,30087704
50028987,30087706
50035256,30087757
50031844,30087759
50028918,30088005
50029417,30089015
50029432,30089033
50035449,30089033
50030976,30089053
50032096,30089055
50032105,30089071
50031871,30089096
50031879,30089100
50031880,30089101
50031668,30089111
50031891,30089111
50031897,30089114
50034317,30089137
50031903,30089138
50034150,30089143
50032120,30089165
50032997,30089192
50029503,30089197
50033342,30089208
50031509,30089242
50033361,30089265
50029802,30089275
50033382,30089326
50032374,30089329
50032379,30089353
50032380,30089354
50033886,30089357
50029826,30089379
50031542,30089390
50031574,30089447
50029839,30089458
50032756,30089542
50030702,30089551
50031143,30089551
50034253,30089566
50030730,30089578
50033106,30089640
50031263,30089671
50031280,30089690
50031288,30089701
50031933,30089704
50035002,30089917
50036039,30090096
50033628,30090401
50033989,30090498
50036090,30090871
50033343,30090894
50036417,30092161
50029177,30093326
50031632,30093678
50031707,30093829
50031710,30093829
50031851,30094069
50031737,30094507
50029765,30095012
50036250,30095431
50036248,30095432
50036249,30095433
50029129,30095645
50036269,30096328
50031303,30096417
50030846,30096741
50036500,30097008
50035167,30097783
50035549,30097984
50035864,30098002
50036241,30098027
50030752,30099180
50030886,30099348
50034220,30099459
50034356,30099460
50035046,30099615
50036362,30099769
50036332,30100149
50002625,30100691
50036255,30100741
50030190,30100967
50029807,30101039
50031519,30101039
50029583,30101088
50032607,30101159
50034908,30101207
50034843,30101244
50030183,30101271
50032335,30101320
50029005,30101379
50029007,30101389
50033358,30101482
50030387,30101868
50035151,30102140
50035632,30102406
50034869,30102609
50036403,30102634
50036413,30102643
50032977,30102650
50033359,30102650
50036303,30102699
50036518,30102802
50033815,30103197
50034938,30103302
50033738,30103346
50035750,30103460
50031286,30103742
50028991,30104154
50035011,30104250
50036126,30104255
50033596,30104293
50030948,30104403
50029238,30104415
50035183,30104935
50035175,30104975
50036294,30105530
50031247,30106105
50031629,30106105
50029812,30106125
50035170,30106294
50033944,30106402
50036179,30106690
50031309,30106794
50029231,30107003
50030321,30107627
50035372,30108259
50035700,30108312
50035577,30108368
50035082,30108371
50035423,30108471
50035561,30108478
50036074,30108630
50031899,30108650
50035417,30108726
50035038,30108906
50035039,30109248
50030778,30109859
50035576,30110252
50033443,30110396
50035815,30110474
50036324,30110665
50035108,30111269
50023244,30112129
50036307,30112972
50000973,30000917
50036077,40002063
50006213,40002110
50002777,30002575
50012771,30012009
50015116,30014319
50003487,114557
50003543,30003272
50013701,30012922
50034943,40004985
50035947,50035898
50037228,440
50036820,3444
50036923,4127
50036718,5182
50037054,5870
50037086,10506
50036736,10682
50037409,12075
50036889,14904
50036998,15151
50036947,17296
50037033,18492
50036761,21711
50036989,23883
50035667,25451
50037042,25617
50036815,30653
50037002,34568
50035486,41806
50037041,43564
50037051,45636
50036934,54802
50036629,81130
50036941,83138
50037016,86827
50036975,92545
50037265,94985
50036908,96910
50036719,113485
50036860,114220
50036907,117709
50036720,118099
50036676,130919
50036795,131270
50036987,132908
50037413,137129
50036986,139905
50036922,140138
50036699,145705
50036990,146952
50036828,149874
50036830,150020
50036960,151577
50036919,152304
50036745,152973
50036952,156895
50036048,181314
50034994,204208
50037032,253900
50037379,291387
50037059,325213
50036630,361236
50035565,405076
50036945,454398
50036985,477754
50036956,491767
50036601,508308
50037039,1384404
50037127,20001597
50036839,20001615
50037003,20001643
50036673,20002286
50036628,20002475
50037072,20002484
50037050,30000022
30058541,30001202
50036812,30001463
50036895,30004231
50036910,30004882
30041506,30008285
50037065,30010580
50036717,30010834
50035252,30010970
30033080,30013004
50036840,30013830
50036846,30014537
30051186,30018361
50036969,30020630
50036914,30020807
30055376,30021413
30035859,30022775
50036894,30024299
50037036,30025925
50036835,30026031
50037351,30026038
50036976,30026063
50036686,30026128
50037044,30026140
50037110,30026192
50036837,30026483
50036950,30027054
50035426,30028134
50036675,30029051
50037079,30029641
50036693,30030468
50036988,30030724
50037034,30034763
50036951,30037350
50034357,30037577
50036164,30038079
50036697,30038432
50037049,30039542
50037035,30039612
50036335,30039622
50036740,30041244
50036156,30041325
50036688,30041418
50036603,30043555
50035929,30044080
50036793,30046222
50036842,30046645
50036955,30047422
50037294,30048072
50036915,30048488
50035054,30049044
50035059,30051146
50037293,30051179
50037026,30051255
50037045,30051349
50035981,30053932
50037295,30054038
50036887,30058838
50034849,30059416
50037352,30059993
50036940,30063041
50037415,30063256
50037386,30064298
50036831,30064553
50035222,30064594
50036475,30065827
50037031,30067577
50034839,30068980
50036829,30069416
50037085,30071322
50036897,30073228
50037416,30073712
50037080,30074173
50037012,30074482
50037052,30077370
50037053,30077371
50034837,30077674
50036904,30078604
50035995,30079041
50037213,30079081
50036821,30079563
50036836,30080626
50037219,30081033
50037154,30081054
50037038,30083105
50036746,30083267
50036680,30083736
50036778,30084897
50034947,30086275
50037087,30086377
50037010,30086856
50036668,30087161
50036926,30087221
50037146,30087386
50036929,30088024
50037043,30088253
50036247,30088824
50037066,30091961
50037009,30094966
50037362,30096875
50037040,30096904
50036739,30096910
50036672,30101038
50037007,30101265
50037266,30101997
50036770,30103022
50037298,30103206
50035409,30104656
50037071,30105015
50037082,30105285
50037303,30106517
50036694,30106698
50036669,30107481
50037394,30107557
50037407,30107823
50037365,30107966
50037125,30108384
50036845,30110405
50036851,30111094
50035144,30112096
50035146,30112785
50037238,30113544
50036798,30113596
50035295,30114086
50037262,30114385
50034950,30114682
50036391,30114684
50037046,30115425
50034933,40000866
50036841,40003535
50036944,40004666
50035643,40200325
50035431,40200462
50034838,40201317
50034844,40201803
50036127,40204362
50036953,40205685
50036702,40219159
50034961,40219507
50035240,40219540
50035176,40219684
50036723,40220370
50035511,40220729
50035774,40221602
50037022,41000028
50035214,41000283
50037288,41001303
50035297,41007725
50036847,41008402
50034926,41008875
50036979,41008970
50035055,41010281
50036924,41010924
50036505,41011645
50035012,41012971
50036786,41013048
50035991,41014093
50036806,41020734
50037419,41022029
50034874,41022542
50035142,41022852
50036587,41023402
50002487,30002306
50002488,30002307
50015858,30015055
50015881,30015077
50015968,30015157
50016100,30015282
50023174,30021951
50028837,30081188
50029136,30085065
50029312,30042924
50029391,178304
50029441,30026028
50029777,30044590
50029805,206717
50029818,30033082
50029828,30089384
50030057,30044895
50030209,30045524
50030523,30045956
50030561,42776
50030590,30043470
50030921,30042391
50031177,30045185
50031284,30089694
50031511,30089287
50031524,30089325
50031582,30043553
50031608,122036
50031612,30035455
50032246,182407
50032762,30089597
50032998,30089193
50033059,30045206
50033068,30045220
50033315,130401
50033364,30081177
50033684,30089564
50034310,30043127
50034676,30043749
50034683,30089294
50035314,30066894
50035341,30076960
50035414,30114388
50035565,405076
50035747,30063175
50035813,30054647
50035881,30058827
50035925,30057434
50035930,30110272
50036089,20000291
50036145,232626
50036223,30026748
50036230,30000962
50036252,30031078
50036406,30055072
50036411,30055175
50036412,30083486
50037430,22880
50037432,413241
50037434,41021061
50037441,30097731
50037443,30036210
30044047,3126
30044854,22530
50035378,28467
30037502,34960
50037191,36187
30037140,43179
50036654,43584
30089083,45347
30089068,51360
30043951,57720
30025436,59717
50036655,64258
50036575,75040
30038421,82728
50036867,85326
30042951,89570
50029111,93465
30029098,95955
50030522,97503
30044075,100332
30036641,111803
30035286,122655
50036571,122979
30042923,123387
50036619,132246
30037710,133164
30029667,136415
30037347,140002
30045001,145319
30043206,165432
30032974,168858
50037216,180237
50037091,185896
30107452,186191
20001388,188921
30044794,202579
30064138,225084
30013845,253737
50036677,388924
30037422,419054
50036568,478132
50001640,20000590
30042116,20001973
30040753,30000540
30067957,30000588
30042250,30001166
30074639,30001426
30030343,30001432
30058118,30001835
30043270,30001894
30080683,30001964
30030792,30002031
30042256,30002503
50002854,30002647
30046328,30002676
30045862,30002689
30059942,30003075
30041592,30003280
30045094,30003323
30049252,30003722
30067881,30003793
30032251,30004752
30042282,30006226
30041455,30007280
30034330,30008585
30042470,30009165
30031626,30012513
30045750,30012525
30044567,30012676
30033825,30012920
30029069,30013106
30045790,30013233
50037241,30013300
50015863,30015060
50015947,30015140
30062777,30015325
30037910,30016351
30079027,30016464
30045279,30017253
30042309,30017355
30042312,30017361
30034460,30018550
30043225,30018863
30031895,30018865
50036917,30019562
30034099,30019669
30042785,30020281
30097362,30020485
50021690,30020527
50036868,30020590
30042001,30020799
30028588,30020859
30038502,30020952
30045257,30021419
30045345,30023186
50036477,30023336
30043513,30023591
30045338,30025302
30084191,30025468
30044574,30025489
30043162,30025688
30089346,30026024
50036665,30026034
50036647,30026057
30035423,30026133
30042131,30026138
30031045,30026147
50037233,30026167
30043603,30026203
30042989,30026303
30044887,30026304
30044923,30026306
50030239,30026307
30044184,30026308
30045395,30026322
30045379,30026332
30045198,30026333
30045430,30026334
30045173,30026336
30042163,30026486
30043873,30026487
30044086,30026488
30043030,30026506
50029895,30026523
30045712,30026525
30043906,30026526
30044210,30026546
30045572,30026553
30026568,30026568
30044309,30026575
30045175,30026606
50036574,30026611
30032731,30026626
30044071,30026638
30042849,30026673
30044442,30026708
30026735,30026735
30043772,30026736
50037321,30026744
30043029,30026747
30045104,30026753
30043267,30026763
30045216,30026790
30045728,30026794
30045076,30026796
30042249,30027007
30045172,30027029
50030943,30027046
30045667,30027058
30044138,30027083
30046000,30027095
30045983,30027096
50037182,30027384
50036883,30027483
50036576,30028040
50037092,30028366
50036646,30028992
50037183,30030247
50036634,30030682
30089135,30031131
50029112,30031882
50036567,30032289
50036635,30032300
50036645,30033597
50036683,30033605
50037236,30034288
30075253,30034666
30099633,30039229
50033964,30042005
30043303,30043302
30043393,30043408
477060,30044444
50032572,30045698
50036291,30048539
30089610,30049048
50035192,30058712
50037162,30059991
50036651,30064971
50034928,30073837
50027406,30074763
30043067,30075116
30045551,30083427
30045490,30083502
30084572,30084572
30089331,30089330
50036622,30089459
50036662,30089464
50036078,30092440
50036409,30099235
50036796,30101126
50037064,30102181
50033710,30103393
50035373,30106597
50037126,30108658
50035654,30108823
50036813,30110343
50036072,30110812
50035316,30113548
30114700,30114700
105997,30115868
50036882,41000280
50035376,41000673
50035328,41000698
50035603,41000724
41001232,41001232
50037020,41007692
50036065,41008697
50036961,41008842
50035534,41010749
50036583,41012911
50037422,41014263
50036771,41021014
50035041,41022061
50035375,41022840
50035671,41023004
50035712,41023601
50037061,41023644
50035625,41024000
30046099,41024305
50036231,41024306
50036000,41024325