400006337,nnd
400006368,mnd
400006394,mnd
400006464,nnn
400008273,mnd
400090161,mnd
400090175,mnd
400090228,mnd
400090330,nnn
400100588,nnn
400100610,nnn
400100725,nnn
400101383,nnn
400101421,mnd
400101426,mnd
400104187,cbn
400109048,mnd
400150081,mnd
401001042,nnn
402000021,cbn
402000078,mnd
402001168,mnd
402001169,mnd
402001273,mnd
402001274,mnd
402002485,nnn
402002557,mnd
402002647,cbn
402002649,cbn
402002650,cbn
402003065,cbn
402003071,cbn
402003086,cbn
402004305,mnd
402004307,cbn
402004402,nnn
402004405,nnn
402004408,nnn
402004446,nnn
402004447,cbn
402004448,cbn
402004449,nnn
402004450,cbn
402004453,cbn
402004455,nnn
402004456,cbn
402004457,cbn
402004465,cbn
402004475,cbn
402004500,cbn
402004501,cbn
402004502,nnn
402004503,nnn
402004504,cbn
402004510,cbn
402004516,mnd
402004518,cbn
402004519,cbn
402004521,cbn
402004558,cbn
402004570,mnd
402004582,cbn
402004604,cbn
402004620,cbn
402004626,cbn
402004630,cbn
402004635,cbn
402004636,nnn
402004641,cbn
402004653,cbn
402004654,cbn
402004655,cbn
402004659,cbn
402004673,cbn
402004689,nnn
402004714,nnn
402004719,cbn
402004721,nnn
402004724,nnn
402004729,nnn
402004753,nnn
402004755,mnd
402004800,cbn
402004802,cbn
402004803,cbn
402004804,cbn
402004805,cbn
402004806,cbn
402004807,cbn
402004810,nnn
402004812,nnn
402004813,cbn
402004814,cbn
402004815,cbn
402004819,cbn
402004820,cbn
402004824,cbn
402004842,cbn
402004844,nnn
402004846,cbn
402004847,cbn
402004849,nnn
402004850,cbn
402004851,nnn
402004852,cbn
402004853,cbn
402004857,cbn
402004859,cbn
402004860,cbn
402004862,nnn
402004863,nnn
402004864,cbn
402004865,nnn
402004866,nnn
402004868,nnn
402004890,cbn
402004891,cbn
402004892,cbn
402004896,cbn
402004897,cbn
402004898,cbn
402004900,cbn
402005234,cbn
402005257,cbn
402005350,cbn
402005369,cbn
402005527,cnn
402005570,cbn
402005668,cbn
402005784,nnd
402005785,nnd
402005851,nnd
402005858,nnd
402005860,nnd
402005862,nnd
402005863,nnn
402005866,nnd
402006041,nnn
402006651,nnd
402007100,mnd
402007184,mnd
402007185,mnd
402009523,nnd
402009524,nnd
402009525,nnd
402009526,nnd
402009527,nnd
402009528,nnd
402009529,nnd
402009530,nnd
402009533,nnd
402009537,nnd
402009603,nnd
402009635,nnn
402009645,nnd
402009653,mnd
402009667,nnn
402009669,nnd
402009670,nnd
402009674,nnd
402009675,nnd
402009676,nnd
402009677,nnd
402009883,nnn
402010037,nnd
402010090,nnd
402010114,nnn
402010169,mnd
402010173,mnd
402010177,mnd
402010190,mnd
402010191,mnd
402010192,nnd
402010208,mnd
402010220,mnd
402010221,nnd
402010222,mnd
402010223,mnd
402010224,mnd
402010225,mnd
402010226,mnd
402010227,mnd
402010233,mnd
402010242,mnd
402010247,nnn
402010248,nnd
402010250,nnd
402010258,nnd
402010261,cnn
402010262,cnn
402010263,mnd
402010269,mnd
402010299,nnn
402010306,mnd
402010362,mnd
402010363,mnd
402010391,mnd
402010429,mnd
402010432,mnd
402010545,mnd
402010571,mnd
402010584,mnd
402010635,nnn
402010641,mnd
402010663,mnd
402010667,mnd
402010672,mnd
402010680,mnd
402010681,nnd
402010685,mnd
402010689,mnd
402010690,mnd
402010734,mnd
402010735,mnd
402010736,mnd
402010737,mnd
402010747,mnd
402010750,mnd
402010753,nnn
402010755,mnd
402010758,mnd
402010763,mnd
402010765,nnn
402010766,mnd
402010767,mnd
402010771,mnd
402010772,mnd
402010773,nnn
402010809,nnd
402010812,nnd
402010834,nnn
402010882,cbn
402010907,nnd
402010909,cbn
402010925,cbn
402010927,cbn
402010928,cbn
402010929,cbn
402010930,nnn
402010931,cbn
402010932,nnn
402011046,nnn
402011049,cbn
402011052,cbn
403000291,mnd
403002492,mnd
403002499,mnd
403002500,mnd
403002501,mnd
403003676,mnd
403004142,mnd
403004374,nnn
403004375,nnn
403004376,nnn
403004377,mnd
403004379,mnd
403004380,mnd
403004381,mnd
403004382,nnn
403004383,nnn
403004384,mnd
403004385,mnd
403004392,mnd
403004394,nnn
403004395,mnd
403004396,mnd
403004397,nnn
403004398,mnd
403004399,cnn
403004402,mnd
403004429,mnd
403004434,mnd
403004439,mnd
403004440,nnn
403004484,mnd
403004490,mnd
403004496,nnn
403004558,mnd
403004560,mnd
403004561,mnd
403004631,mnd
403004633,mnd
403004648,cbn
403004649,cbn
403004650,nnn
403004671,mnd
403004672,mnd
403004674,mnd
403004677,mnd
403004678,mnd
403004687,nnn
403004688,mnd
403004689,mnd
403004690,mnd
403004692,mnd
403004867,mnd
403004870,mnd
403004874,mnd
403004875,mnd
403004888,mnd
403004913,nnn
403004993,mnd
403005005,mnd
403006228,nnd
403007228,mnd
403008154,mnd
403008177,mnd
403008195,mnd
403008263,mnd
403008264,mnd
403008265,mnd
403008266,mnd
403008268,mnd
403008269,mnd
403008270,mnd
403008271,mnd
403008272,mnd
403008274,mnd
403008284,mnd
403008289,mnd
403008291,mnd
403008356,mnd
403008388,mnd
403008398,mnd
403008400,mnd
403011105,mnd
403011113,cbn
403011247,mnd
403011252,nnn
403011254,nnn
403011262,mnd
403011263,mnd
403011264,mnd
403011266,mnd
403011273,mnd
403011284,mnd
403011285,mnd
403011290,mnd
403011296,nnn
403011426,nnn
403011480,mnd
403011498,mnd
403011499,mnd
403011501,mnd
403011506,mnd
403011549,mnd
403011642,mnd
403012021,mnd
403013206,mnd
403013208,mnd
403013209,mnd
403013210,mnd
403013211,mnd
403013212,mnd
403013213,mnd
403013217,mnd
403013565,mnd
403013575,mnd
403013612,mnd
403013832,nnd
403013856,nnd
403013884,mnd
403013893,cbn
403013894,cbn
403013925,cnn
404000002,mnd
404000108,nnd
404000313,mnd
404000365,cbn
405000004,mnd
405000007,nnd
405000024,mnd
405000025,mnd
405000027,mnd
405000028,mnd
405000255,nnd
405000263,mnd
405000269,mnd
405000270,mnd
405000271,nnd
405000272,mnd
405000274,mnd
405000276,mnd
405000281,cbn
405000282,mnd
405000284,mnd
405000285,mnd
405000287,mnd
405000289,mnd
405000290,nnd
405000305,mnd
405000307,nnd
405000309,mnd
405000386,cbn
405000463,nnd
405000466,nnd
405000490,nnn
405000495,nnd
405000496,nnd
405000498,nnd
405000501,nnd
405000522,nnd
405000524,nnd
405000660,nnd
405000693,nnd
405000696,nnd
405000700,nnd
405000704,nnd
405000729,nnd
405000734,nnd
405000738,nnd
405000742,nnd
405000751,nnd
405000863,nnd
405000884,nnd
405000885,nnd
405000893,nnd
405000905,nnd
405000942,nnd
405000985,nnn
405000989,nnd
405001004,nnd
405001005,nnd
405001006,nnd
405001007,nnd
405001027,nnd
406000004,nnd
406000005,nnd
406000006,nnd
406000012,mbd
406000019,mnd
406000023,nnd
406000025,nnd
406000029,nnd
406000030,nnd
406000032,nnd
406000033,nnd
406000035,nnd
406000091,nnd
406000092,nnd
406000094,nnd
406000096,nnd
406000097,nnd
406000098,nnd
406000100,nnd
406000112,nnd
406000115,nnd
406000116,nnd
406000118,nnd
406000122,nnd
406000129,nnd
406000133,nnd
406000139,nnd
406000151,nnd
406000156,nnd
406000159,nnd
406000160,nnd
406000227,nnd
406000233,nnd
406000238,nnd
406000310,nnn
406000324,nnn
406000587,nnd
406000695,nnd
406000700,nnd
406000702,nnd
406000783,nnd
406000786,nnd
406000823,nnd
406000873,nnd
406001180,nnd
406001191,nnd
406001198,nnd
406001205,nnd
406001222,nnd
406001229,nnd
406001386,nnd
406001387,nnd
406001687,nnd
406002266,nnd
406002382,nnd
406003108,nnd
406003719,nnd
406003726,nnd
406003738,nnd
406003745,nnd
407001346,mnd
407001347,nnd
407001348,nnn
407001349,nnd
407001351,nnd
407001352,nnd
407001353,nnd
407001355,cbn
407001356,nnd
407001358,nnd
407001359,mnd
407001360,nnd
407001361,cbn
407001363,cbn
407001366,cbn
407001367,mnd
407001368,cbn
407001405,cnn
407001423,mnd
407001430,mbd
407001431,nnd
407001437,mnd
407001440,mnd
407001441,nnd
407001442,mnd
407001445,cbn
407001446,mnd
407001449,mnd
407001478,mnd
407001482,nnd
407001483,nnn
407001484,mnd
407001485,mnd
407001486,mnd
407001489,mnd
407001490,mnd
407001492,mnd
407001496,mnd
407001545,mnd
407001553,mnd
407001555,mbd
407001568,nnd
407001573,cbn
407001575,mnd
407001611,nnd
407001616,nnd
407001617,nnd
407001630,nnd
407001631,nnd
407001632,nnd
407001633,nnd
407001634,nnd
407001747,nnd
407001748,nnd
407001749,nnd
407001750,nnd
407001751,nnd
407001752,nnd
407001753,nnd
407001760,nnd
407001761,nnd
407001768,nnd
407001770,nnd
407001771,nnd
407001853,nnd
407001856,nnd
407001858,nnd
407001876,nnd
407001894,nnd
407001896,nnd
407001916,nnd
407001922,nnd
407001988,nnd
407001991,nnd
407001995,nnd
407002002,nnd
407002007,nnd
407002117,nnd
407002244,mnd
407002245,mnd
407002424,cbn
407002438,nnn
407002445,cbn
407002477,nnn
407002485,nnn
407002486,nnn
407002540,nnd
407002568,nnn
407002581,cbn
407002586,nnn
407002606,nnd
407002611,nnn
407002615,cbn
407002630,nnn
407002650,nnn
407002665,nnn
407002711,nnn
407002719,nnn
407002753,mnd
407002756,nnn
407002894,nnd
407002907,nnd
407002924,nnd
407002934,nnd
407002947,nnd
407002957,nnd
407002986,nnn
407003012,nnd
407003088,cbn
407003096,cbn
408000464,nnd
408001760,nnd
408002565,nnd
408002785,nnd
408002795,nnd
408002969,nnn
408003037,nnd
408003060,mbd
408003129,mnd
408003262,mnd
408003301,nnd
408003317,mbd
408003575,nnd
408003649,nnd
408003682,nnd
408004380,nnd
408004791,nnd
408005082,mbd
408005087,mbd
408005161,nnd
409000520,nnd
409000521,nnn
409000522,nnn
409000523,nnn
409000524,nnn
409000525,nnn
409000526,nnd
409000528,nnn
409000529,nnn
409000531,nnn
409000533,nnn
409000535,nnd
409000537,nnn
409000538,nnd
409000539,nnn
409000540,nnn
409000541,nnn
409000542,nnn
409000543,nnd
409000544,nnd
409000548,nnd
409000549,nnd
409000550,nnd
409000551,nnd
409000552,nnd
409000553,nnd
409000554,nnd
409000559,nnd
409000560,nnd
409000561,nnd
409000563,nnd
409000565,nnd
409000567,nnn
409000572,nnn
409000573,nnn
409000574,nnn
409000575,nnn
409000576,nnn
409000577,nnn
409000580,nnn
409000581,nnn
409000582,nnn
409000610,nnd
409000643,nnn
409000645,nnn
409000646,nnn
409000683,nnd
409000690,nnd
409000696,nnd
409000698,nnn
409000702,nnn
409000704,nnn
409000706,nnn
409000710,nnd
409000715,nnd
409000720,nnn
409000725,nnd
409000734,nnd
409000735,nnd
409000736,nnd
409000737,nnd
409000738,nnd
409000739,nnd
409000740,nnd
409000743,nnd
409000749,nnn
409000750,nnn
409000754,nnd
409000755,nnd
409000759,nnn
409000761,nnd
409000844,nnd
409000851,nnd
409001242,nnd
409001243,nnd
409001265,nnd
409001266,nnd
409001291,nnd
409001324,nnd
409001329,nnd
409001330,nnd
409001331,nnd
409001332,nnd
409001353,nnd
409001365,nnd
409001379,nnd
409001406,nnd
409001407,nnd
409001408,nnd
409001418,cbn
409001426,nnd
409001545,nnd
409001546,nnd
409001550,nnn
409001553,nnd
409001554,nnd
409001555,nnd
409001609,mnd
409001610,nnd
409001651,nnd
409001681,nnd
409001961,nnd
409001962,nnd
409001974,nnd
409001975,nnd
409001976,nnd
409001977,nnd
409001978,nnd
409001979,nnd
409001980,nnd
409001981,nnd
409001982,nnd
409001984,nnd
409001985,nnd
409001986,nnd
409001987,nnd
409001988,nnd
409001989,nnd
409001990,nnd
409001991,nnd
409001992,nnd
409001993,nnd
409001994,nnd
409001995,nnd
409001996,nnd
409001997,nnd
409001998,nnd
409001999,nnd
409002000,nnd
409002001,nnd
409002002,nnd
409002003,nnd
409002004,nnd
409002005,nnd
409002006,nnd
409002007,nnd
409002008,nnd
409002009,nnd
409002010,nnd
409002011,nnd
409002012,nnd
409002016,nnd
409002017,nnd
409002051,mnd
409002060,nnd
409002061,mnd
409002365,nnn
409002379,nnd
409002381,nnd
409002382,nnd
409002383,nnd
409002384,nnd
409002386,mnd
409002387,mbd
409002391,nnd
409002392,nnd
409002404,nnd
409002439,mnd
409002450,mnd
409002462,nnd
409002526,nnd
409002534,nnd
409002540,cbn
409002541,mbd
409002542,nnd
409002548,nnd
409002549,nnd
409002550,nnd
409002555,nnd
409002556,nnd
409002558,nnd
409002560,nnd
409002561,nnd
409002562,nnd
409002565,nnd
409002566,nnd
409002572,nnd
409002576,nnd
409002577,nnd
409002578,nnd
409002579,nnd
409002582,nnd
409002583,nnd
409002587,nnd
409002588,nnd
409002592,nnd
409002593,nnd
409002594,nnd
409002608,nnd
409002609,nnd
409002610,nnd
409002635,nnd
409002636,nnd
409002637,nnd
409002827,nnd
409002828,nnd
409002830,nnd
409002832,nnd
409002833,nnd
409002834,nnd
409002835,nnd
409002836,nnd
409002837,nnd
409002838,nnd
409002839,nnd
409002840,nnd
409002846,nnd
409002848,nnd
409002849,nnd
409003012,mbd
409003040,cbn
409003046,cnn
409003092,nnd
409003093,nnd
409003095,nnd
409003096,nnd
409003097,nnd
409003101,nnd
409003428,nnd
409003429,nnd
409003430,nnd
409003456,nnd
409003482,nnd
409003486,nnd
409003489,nnd
409003492,nnd
409003495,nnd
409003498,nnd
409003501,nnd
409003504,nnd
409003522,nnd
409003554,nnn
409003555,nnn
409003556,nnn
409003650,nnd
409003651,nnd
409003652,nnd
409003653,nnd
409003663,nnd
409003669,nnd
409003670,nnd
409003672,nnd
409003673,nnd
409003674,nnd
409003675,nnd
409003676,nnd
409003677,nnd
409003678,nnd
409003679,nnd
409003680,nnd
409003681,nnd
409003685,nnd
410000199,nnd
410000635,nnn
410000639,mnd
410000648,nnd
410000664,nnd
410000769,nnd
410000780,nnd
410000911,mnd
410000912,mnd
410000981,nnn
410001048,nnn
410001072,nnd
410001081,nnn
410001130,nnd
410001226,nnd
410001293,mbd
410001306,nnd
410001473,nnd
410001484,nnd
410001500,nnd
410001520,mnd
410001521,mnd
410001522,nnd
410001548,nnd
410001593,nnd
410001596,nnd
410001603,nnd
410001609,nnd
410001627,nnd
410001655,nnd
410001666,nnd
410001704,nnn
410001706,nnd
410001720,cbn
410001783,nnd
410001823,mnd
410001825,mnd
410001858,nnd
410001863,nnd
410001873,nnd
410001923,cnn
410001926,nnd
410001962,nnn
410001973,nnn
410001982,mnd
410001984,nnn
410001994,nnn
410001995,nnn
410001996,nnn
410002235,nnd
410002244,nnd
410002373,mnd
410002462,mbd
410002658,mnd
410002667,nnn
410002697,nnn
410002700,nnn
410002701,nnd
410002703,nnn
410002704,nnn
410002743,nnn
410002822,nnd
410002856,nnn
410002865,nnn
410002873,nnn
410002882,nnn
410002885,nnd
410002894,nnn
410002895,nnn
410002896,nnn
410002897,nnn
410002901,nnd
410003000,mnd
410003043,nnn
410003076,nnd
410003208,nnd
410003209,nnd
410003308,nnd
410003323,nnn
410003333,nnd
410003337,nnd
410003509,mbd
410003946,nnd
410003947,nnd
410004000,nnd
410004164,nnd
410004252,nnd
410004291,nnd
410004301,nnd
410004321,cnn
410004342,mnd
410004343,mnd
410004345,mnd
410004861,nnn
410005016,mbd
410005148,nnd
410005169,mnd
410005198,nnd
410005199,nnd
410005202,nnd
